,Energy_Production,Energy_Production,Energy_Production,Energy_Production,Energy_Production,Energy_Production,Efficiency_Score,Efficiency_Score,Efficiency_Score,Efficiency_Score,Efficiency_Score
,count,mean,median,std,min,max,mean,median,std,min,max
Energy_Type,,,,,,,,,,,
Biomass,193,765.9340414507772,797.6,428.8446950033775,56.77,1465.26,257.4621761658031,247.39,140.5314744751378,12.59,499.31
Geothermal,180,757.4970555555556,726.13,404.03515331972955,57.04,1496.45,230.0521111111111,229.595,145.69897425661213,10.42,499.12
Hydro,199,776.4610050251256,791.14,430.65853025665615,53.61,1494.96,237.01080402010052,218.31,141.7740356454195,10.46,499.53
Solar,201,742.5194029850746,737.57,405.53530339865836,63.29,1497.34,254.12338308457714,249.05,143.5136828859796,11.02,499.83
Wind,227,790.2583700440529,788.53,428.5527681220022,50.74,1489.82,260.1159471365639,259.3,143.19757581053838,13.63,498.9
