,Income_Level,Area_Type,Energy_Production,Energy_Production,Energy_Production,Efficiency_Score
,,,count,mean,sum,mean
0,High,Rural,169,719.3791124260356,121575.07,244.8843195266272
1,High,Urban,161,721.8249068322981,116213.81,237.16043478260872
2,Low,Rural,158,788.6493037974683,124606.59,262.8790506329114
3,Low,Urban,154,777.9775324675325,119808.54,239.83694805194804
4,Middle,Rural,187,785.184385026738,146829.48,243.95144385026737
5,Middle,Urban,171,808.7253801169591,138292.04,261.59573099415206
