,Year,Energy_Production,Energy_Production,Energy_Production,Efficiency_Score
,,count,mean,sum,mean
0,2020,207,771.1135265700483,159620.5,245.51661835748794
1,2021,192,784.6090625,150644.94,243.29682291666666
2,2022,200,745.52045,149104.09,236.22650000000002
3,2023,204,793.3831862745099,161850.17,254.38117647058826
4,2024,197,741.6539593908628,146105.83,262.5170558375635
